{"roc_auc_score": 0.8669181034482759, "accuracy_score": 0.8688524590163934, "f1_score": 0.8571428571428572}